batch,mode,variant,unit,battles,summons,bodies,hp_damage,structure_damage,friendly_damage,armor_damage,hp_taken,armor_absorbed,blocked_damage,evaded_damage,attacks,landed_hits,melee_hits,kills,regular_kills,monster_kills,deaths,banished,goals,survivors,healing,regeneration,charms,poisons,portals,enemy_banishments,friendly_banishments,structures_built,tower_damage,retargets,first_hit_tick,hit_bodies,mean_first_hit_tick
main,duel,armor3,Dotra,192,192,1.0,5.0365,1.4375,0.0,2.2292,0.849,3.4167,0.0,0.0,3.8802,3.8802,3.4479,1.0,1.0,0.0,0.0,0.0,0.9896,0.0104,0.0,0.5052,0.0,0.0,0.0,0.0,0.0,0.0,0.0,0.0,340.3073,1.0,340.31
main,duel,armor3,Fyra,192,192,1.0,4.4115,0.0,0.0,1.7083,1.4688,3.5417,0.0,0.0,3.2604,3.2604,3.2604,0.6927,0.6927,0.0,0.2396,0.0,0.7604,0.0,0.0,0.0781,0.4115,0.0,0.0,0.0,0.0,0.0,0.0,0.0,196.724,1.0,196.72
main,duel,armor3,Kopita,192,192,1.0,5.0521,1.5,0.0,2.25,1.75,4.0,0.0,0.0,4.5,4.5,4.5,1.0,1.0,0.0,0.25,0.0,0.75,0.0,0.25,0.25,0.0,0.0,0.0,0.0,0.0,0.0,0.0,0.0,324.2552,1.0,324.26
main,duel,armor3,Kurchin,192,192,1.0,4.75,1.5,0.0,2.25,1.8177,8.25,0.0,0.0,8.5,8.5,8.5,0.75,0.75,0.0,0.25,0.0,0.75,0.0,0.0,0.5677,0.0,0.0,0.0,0.0,0.0,0.0,0.0,0.0,450.0,1.0,450.0
main,duel,armor3,Lemek,192,192,1.0,5.0938,1.5,0.0,2.25,0.0,4.25,0.0,0.0,3.25,3.25,3.25,1.0,1.0,0.0,0.0,0.0,1.0,0.0,0.0,0.0,0.0,0.0,0.0,0.0,0.0,0.0,0.0,0.0,323.375,1.0,323.38
main,duel,armor3,Muno,192,192,1.0,5.1927,1.5,0.0,2.25,0.0,2.5625,0.0,0.0,3.25,3.25,2.0573,1.0,1.0,0.0,0.0,0.0,1.0,0.0,0.0,0.0,0.0,0.0,0.0,0.0,0.0,0.0,0.0,0.0,261.5469,1.0,261.55
main,duel,armor3,Sinodek,192,192,1.0,4.2552,1.4688,0.0,2.0625,2.9323,5.6042,0.0,0.0,7.7865,7.7865,7.7865,0.6823,0.6823,0.0,0.4219,0.0052,0.5052,0.0677,0.0,0.8229,0.0,0.0,1.5208,0.0677,0.0052,0.0,0.0,0.0,478.7031,0.9323,513.47
main,duel,armor3,Sooge,192,192,1.0,4.2865,1.0625,0.0,2.2188,3.4115,6.6146,0.0,0.0,4.75,4.5365,2.8802,0.5469,0.5469,0.0,0.4531,0.0,0.0729,0.474,0.0,1.0625,0.0,0.0,0.0,0.0,0.0,0.0,0.0,0.0,283.1042,0.9896,286.08
main,duel,armor3,Tumler,192,192,1.0,5.0,1.5,0.0,2.25,1.3177,3.9427,0.0,0.2396,4.5,4.5,4.5,1.0,1.0,0.0,0.25,0.0,0.75,0.0,0.0,0.0469,0.0,0.0,0.0,0.0,0.0,0.0,0.0,0.0,242.276,1.0,242.28
main,duel,armor3,Varn,192,192,4.0729,5.0625,1.5,0.0,2.25,1.1094,4.5156,0.0,0.0,9.0,8.8125,8.8125,1.0,1.0,0.0,0.4375,0.0,3.6354,0.0,0.0,0.2344,0.0,0.4062,0.0,0.0,0.0,0.0,0.0,0.0,1154.1615,3.5052,329.27
main,duel,current,Butcher,192,192,1.0,5.1302,1.5,0.0,2.25,3.25,1.0,0.0,0.0,3.25,3.25,3.25,1.0,1.0,0.0,0.25,0.0,0.75,0.0,0.0,1.0,0.0,0.0,0.0,0.0,0.0,0.0,0.0,0.0,324.1927,1.0,324.19
main,duel,current,Dotra,192,192,1.0,5.0365,1.4375,0.0,2.2292,2.0729,1.849,0.0,0.0,3.8802,3.8802,3.4479,1.0,1.0,0.0,0.1719,0.0,0.8177,0.0104,0.0,0.6979,0.0,0.0,0.0,0.0,0.0,0.0,0.0,0.0,340.3073,1.0,340.31
main,duel,current,Fyra,192,192,1.0,3.9271,0.0,0.0,1.7083,3.2344,1.0,0.0,0.0,2.9844,2.9844,2.9844,0.4948,0.4948,0.0,0.25,0.0,0.75,0.0,0.0,0.2969,0.401,0.0,0.0,0.0,0.0,0.0,0.0,0.0,196.724,1.0,196.72
main,duel,current,Kopita,192,192,1.0,4.5521,1.5,0.0,2.25,4.0,1.0,0.0,0.0,4.25,4.25,4.25,0.75,0.75,0.0,0.5,0.0,0.5,0.0,0.276,0.7396,0.0,0.0,0.0,0.0,0.0,0.0,0.0,0.0,324.2552,1.0,324.26
main,duel,current,Kurchin,192,192,1.0,4.5,1.5,0.0,2.25,3.2708,6.0,0.0,0.0,8.25,8.25,8.25,0.75,0.75,0.0,0.5,0.0,0.5,0.0,0.0,0.7708,0.0,0.0,0.0,0.0,0.0,0.0,0.0,0.0,450.0,1.0,450.0
main,duel,current,Lemek,192,192,1.0,5.0938,1.5,0.0,2.25,0.75,3.5,0.0,0.0,3.25,3.25,3.25,1.0,1.0,0.0,0.0,0.0,1.0,0.0,0.0,0.5417,0.0,0.0,0.0,0.0,0.0,0.0,0.0,0.0,323.375,1.0,323.38
main,duel,current,Muno,192,192,1.0,5.1927,1.5,0.0,2.25,1.5625,1.0,0.0,0.0,3.25,3.25,2.0573,1.0,1.0,0.0,0.0,0.0,1.0,0.0,0.0,0.8125,0.0,0.0,0.0,0.0,0.0,0.0,0.0,0.0,261.5469,1.0,261.55
main,duel,current,Penitent,192,192,1.0,4.7969,1.5,0.0,2.25,5.1719,3.0,0.4792,0.0,8.5469,8.5469,8.5469,0.7292,0.7292,0.0,0.5417,0.0,0.4583,0.0,0.0,2.4635,0.0,0.0,0.0,0.0,0.0,0.0,0.0,0.0,375.5417,1.0,375.54
main,duel,current,Sinodek,192,192,1.0,3.4583,1.4062,0.0,2.0417,4.4375,2.8073,0.0,0.0,6.9062,6.9062,6.9062,0.4948,0.4948,0.0,0.6406,0.0052,0.3073,0.0469,0.0,1.2344,0.0,0.0,1.2917,0.0677,0.0052,0.0,0.0,0.0,478.7031,0.9323,513.47
main,duel,current,Sooge,192,192,1.0,3.6979,0.724,0.0,2.1562,4.125,4.1354,0.0,0.0,3.8229,3.6094,2.0156,0.2552,0.2552,0.0,0.7865,0.0,0.0,0.2135,0.0,0.1927,0.0,0.0,0.0,0.0,0.0,0.0,0.0,0.0,283.1042,0.9896,286.08
main,duel,current,Tumler,192,192,1.0,4.5,1.5,0.0,2.25,3.5104,1.0,0.0,0.2396,4.25,4.25,4.25,0.75,0.75,0.0,0.25,0.0,0.75,0.0,0.0,0.6927,0.0,0.0,0.0,0.0,0.0,0.0,0.0,0.0,242.276,1.0,242.28
main,duel,current,Varn,192,192,4.0729,4.599,1.4635,0.0,2.25,5.5469,0.0,0.0,0.0,8.3958,8.3125,8.125,0.7083,0.7083,0.0,2.4323,0.0,1.6406,0.0,0.0,0.6719,0.0,0.4062,0.0,0.0,0.0,0.0,0.0,0.0,1220.6615,3.724,327.79
main,duel,current,Vulture,192,192,1.0,4.9062,1.5,0.0,2.25,4.8802,1.0,0.0,0.0,9.1354,8.6562,3.2031,0.5625,0.5625,0.0,0.7292,0.0,0.2708,0.0,0.0,0.8281,0.0,0.0,0.0,0.0,0.0,0.0,0.0,0.0,270.5208,1.0,270.52
main,duel,current,Wright,192,192,1.0,3.6562,0.0,0.0,1.75,5.099,2.0,0.0,0.0,5.4062,5.4062,5.4062,0.25,0.25,0.0,1.0,0.0,0.0,0.0,0.0,0.099,0.0,0.0,0.0,0.0,0.0,1.0,0.0,0.0,454.4219,1.0,454.42
main,mixed,armor3,Butcher,96,192,1.0,5.0677,0.2396,0.0,2.8594,4.9479,0.974,0.0,0.0,3.2656,3.0781,3.0781,1.0885,0.5938,0.4948,0.9219,0.0104,0.0677,0.0,0.0,0.2604,0.0,0.0,0.0,0.0,0.0,0.0,0.0,0.0,279.4375,0.9844,283.87
main,mixed,armor3,Dotra,38,38,1.0,8.2895,1.2632,0.0,4.6316,3.4474,4.4474,0.0,0.0,6.8158,6.7895,6.2895,1.5,1.1316,0.3684,0.5263,0.0,0.4737,0.0,0.0,0.5263,0.0,0.0,0.0,0.0,0.0,0.0,0.0,0.0,291.1579,0.9474,307.33
main,mixed,armor3,Fyra,38,38,1.0,3.4474,0.0,0.0,4.2895,5.1842,4.0,0.0,0.0,4.1053,3.9737,3.9737,0.3421,0.1579,0.1842,1.0,0.0,0.0,0.0,0.0,0.1842,0.5526,0.0,0.0,0.0,0.0,0.0,0.0,0.0,198.2368,1.0,198.24
main,mixed,armor3,Kopita,38,38,1.0,4.4211,0.8158,0.0,2.3684,4.3421,3.5789,0.0,0.0,4.2368,4.2368,4.0263,1.2368,0.5789,0.6579,0.7632,0.0,0.2368,0.0,0.7368,0.3421,0.0,0.0,0.0,0.0,0.0,0.0,0.0,0.0,438.9737,0.9737,450.84
main,mixed,armor3,Kurchin,40,40,1.0,3.925,0.1,0.0,1.05,5.0,8.775,0.0,0.0,5.125,5.075,5.075,0.925,0.6,0.325,0.925,0.0,0.075,0.0,0.0,0.325,0.0,0.0,0.0,0.0,0.0,0.0,0.0,0.0,409.475,0.975,419.97
main,mixed,armor3,Lemek,40,40,1.0,10.225,0.725,0.0,6.8,5.025,6.925,0.0,0.0,6.95,6.675,6.675,1.925,1.275,0.65,0.825,0.0,0.175,0.0,0.0,0.575,0.0,0.0,0.0,0.0,0.0,0.0,0.0,0.0,258.975,1.0,258.98
main,mixed,armor3,Muno,38,38,1.0,5.9737,0.0,0.0,6.7105,5.0526,4.0,0.0,0.0,5.2895,4.8421,3.7105,1.6842,0.3684,1.3158,1.0,0.0,0.0,0.0,0.0,0.0526,0.0,0.0,0.0,0.0,0.0,0.0,0.0,0.0,215.0,1.0,215.0
main,mixed,armor3,Penitent,96,192,1.0,2.1615,0.2865,0.0,1.1927,4.0417,2.4375,0.8229,0.0,3.6562,3.6406,3.6406,0.4115,0.2448,0.1667,0.7604,0.0417,0.1979,0.0,0.0,0.224,0.0,0.0,0.0,0.0,0.0,0.0,0.0,0.0,338.2188,0.8542,395.96
main,mixed,armor3,Sinodek,38,38,1.0,3.2895,0.3947,0.0,1.1316,4.1579,5.1842,0.0,0.0,4.8158,4.8158,4.8158,0.6842,0.5,0.1842,0.7895,0.0263,0.1579,0.0263,0.0,0.2105,0.0,0.0,1.0,0.0789,0.3158,0.0,0.0,0.0,467.0526,0.8947,522.0
main,mixed,armor3,Sooge,38,38,1.0,6.8947,2.8158,0.9474,7.0789,2.0,2.9211,0.0,0.0,10.6316,10.2368,1.0526,0.7895,0.5,0.2895,0.3947,0.0,0.0,0.6053,0.0,0.0263,0.0,0.0,0.0,0.0,0.0,0.0,0.0,0.0,270.2632,1.0,270.26
main,mixed,armor3,Tumler,38,38,1.0,1.7895,0.0,0.0,2.9737,5.1579,4.0,0.0,2.8421,2.4474,2.4474,2.4474,0.2895,0.0,0.2895,1.0,0.0,0.0,0.0,0.0,0.1579,0.0,0.0,0.0,0.0,0.0,0.0,0.0,1.0789,239.6579,0.9737,246.14
main,mixed,armor3,Varn,38,38,4.1842,9.2105,0.5263,0.0,5.0,7.8947,12.2105,0.0,0.0,14.9737,14.7368,14.6842,1.8421,1.1842,0.6579,3.8158,0.0,0.3684,0.0,0.0,0.2632,0.0,0.6842,0.0,0.0,0.0,0.0,0.0,0.0,1232.8684,4.1053,300.31
main,mixed,armor3,Vulture,96,192,1.0,4.5,0.8281,0.0,4.1146,3.3385,0.6823,0.0,0.0,10.1927,9.4427,0.9271,0.9219,0.4948,0.4271,0.526,0.0156,0.4583,0.0,0.0,0.5625,0.0,0.0,0.0,0.0,0.0,0.0,0.0,0.0,271.7448,0.9844,276.06
main,mixed,armor3,Wright,96,192,1.0,1.9583,0.4844,0.0,0.8854,3.5729,1.5052,0.0,0.0,3.3333,3.3281,3.3281,0.401,0.2708,0.1302,0.6615,0.0052,0.3333,0.0,0.0,0.1927,0.0,0.0,0.0,0.0,0.0,0.9948,0.0,0.0,393.026,0.776,506.45
main,mixed,current,Butcher,96,192,1.0,5.2812,0.1979,0.0,1.1875,5.0208,0.9896,0.0,0.0,2.7292,2.625,2.625,1.2188,0.6146,0.6042,0.9531,0.0104,0.0365,0.0,0.0,0.2083,0.0,0.0,0.0,0.0,0.0,0.0,0.0,0.0,277.6615,0.9844,282.07
main,mixed,current,Dotra,38,38,1.0,6.5,1.5789,0.0,2.7632,4.0263,1.7895,0.0,0.0,5.3158,5.3158,4.8158,1.3421,1.0,0.3421,0.6316,0.0,0.3684,0.0,0.0,0.6053,0.0,0.0,0.0,0.0,0.0,0.0,0.0,0.0,321.7105,0.9737,330.41
main,mixed,current,Fyra,38,38,1.0,3.2368,0.0,0.0,2.1316,5.1842,1.0,0.0,0.0,2.8684,2.7368,2.7368,0.3947,0.0526,0.3421,1.0,0.0,0.0,0.0,0.0,0.1842,0.3684,0.0,0.0,0.0,0.0,0.0,0.0,0.0,199.7368,1.0,199.74
main,mixed,current,Kopita,38,38,1.0,3.3158,0.5,0.0,1.0789,5.5263,1.0,0.0,0.0,2.7105,2.6842,2.5789,0.7105,0.5263,0.1842,0.8684,0.0,0.1316,0.0,1.0263,0.6053,0.0,0.0,0.0,0.0,0.0,0.0,0.0,0.0,437.5,0.9211,475.0
main,mixed,current,Kurchin,40,40,1.0,3.45,0.225,0.0,0.775,5.025,6.0,0.0,0.0,4.475,4.45,4.45,0.825,0.525,0.3,0.85,0.0,0.15,0.0,0.0,0.7,0.0,0.0,0.0,0.0,0.0,0.0,0.0,0.0,451.175,0.975,462.74
main,mixed,current,Lemek,40,40,1.0,8.1,0.375,0.0,3.775,4.975,4.0,0.0,0.0,4.775,4.7,4.7,1.65,1.2,0.45,0.9,0.0,0.1,0.0,0.0,0.25,0.0,0.0,0.0,0.0,0.0,0.0,0.0,0.0,262.925,1.0,262.93
main,mixed,current,Muno,38,38,1.0,6.8947,0.0,0.0,1.0263,5.0789,1.0,0.0,0.0,3.8421,3.3947,2.3158,2.1579,0.2632,1.8947,1.0,0.0,0.0,0.0,0.0,0.0789,0.0,0.0,0.0,0.0,0.0,0.0,0.0,0.0,215.0,1.0,215.0
main,mixed,current,Penitent,96,192,1.0,3.3333,0.1979,0.0,1.1667,4.7031,2.6875,1.25,0.0,4.7188,4.6979,4.6979,0.6354,0.3958,0.2396,0.8281,0.0469,0.125,0.0,0.0,0.5,0.0,0.0,0.0,0.0,0.0,0.0,0.0,0.0,353.8906,0.9062,390.5
main,mixed,current,Sinodek,38,38,1.0,3.0526,0.8947,0.0,0.5263,4.0526,2.6579,0.0,0.0,4.4737,4.4737,4.4737,0.6579,0.5526,0.1053,0.6053,0.0,0.3684,0.0263,0.0,0.9474,0.0,0.0,1.2632,0.1316,0.2632,0.0,0.0,0.0,561.8684,0.9474,593.08
main,mixed,current,Sooge,38,38,1.0,7.9474,3.2368,1.5,4.9211,2.0,1.6316,0.0,0.0,10.0526,9.5526,0.6579,0.9737,0.6579,0.3158,0.3947,0.0,0.0,0.6053,0.0,0.0263,0.0,0.0,0.0,0.0,0.0,0.0,0.0,0.0,259.0,0.9737,266.0
main,mixed,current,Tumler,38,38,1.0,2.2368,0.0,0.0,0.8158,5.4211,1.0,0.0,2.4737,1.5526,1.5526,1.5526,0.1842,0.0,0.1842,1.0,0.0,0.0,0.0,0.0,0.4211,0.0,0.0,0.0,0.0,0.0,0.0,0.0,1.0,215.3158,0.8947,240.65
main,mixed,current,Varn,38,38,4.1842,3.7105,0.1316,0.0,1.5,8.6053,0.0,0.0,0.0,5.3947,5.3421,5.3421,0.7368,0.4737,0.2632,4.1842,0.0,0.0,0.0,0.0,0.2368,0.0,0.1579,0.0,0.0,0.0,0.0,0.0,0.0,1073.5789,3.5263,304.45
main,mixed,current,Vulture,96,192,1.0,5.7448,0.9219,0.0,3.9531,3.3542,0.6927,0.0,0.0,11.7083,10.6198,0.901,0.9115,0.4896,0.4219,0.526,0.0156,0.4583,0.0,0.0,0.6042,0.0,0.0,0.0,0.0,0.0,0.0,0.0,0.0,273.2917,0.9896,276.17
main,mixed,current,Wright,96,192,1.0,2.8385,0.4688,0.0,0.7135,4.1042,1.6875,0.0,0.0,4.026,4.0208,4.0208,0.6354,0.5052,0.1302,0.7656,0.0052,0.2292,0.0,0.0,0.2031,0.0,0.0,0.0,0.0,0.0,0.9948,0.0,0.0,458.2552,0.8854,517.56
main,squad,armor3,Dotra,144,144,1.0,7.6458,0.2153,0.0,2.5,4.7014,4.9444,0.0,0.0,4.8194,4.8194,4.2569,1.4861,1.4861,0.0,0.875,0.0,0.125,0.0,0.0,0.2431,0.0,0.0,0.0,0.0,0.0,0.0,0.0,0.0,314.4167,1.0,314.42
main,squad,armor3,Fyra,144,144,1.0,4.0486,0.0,0.0,1.5694,5.1667,4.0,0.0,0.0,2.8542,2.8542,2.8542,0.4028,0.4028,0.0,0.9931,0.0,0.0069,0.0,0.0,0.1875,0.3958,0.0,0.0,0.0,0.0,0.0,0.0,0.0,182.0486,1.0,182.05
main,squad,armor3,Kopita,144,144,1.0,5.3472,0.0,0.0,1.5347,5.6389,4.0,0.0,0.0,3.7986,3.7986,3.7986,1.2778,1.2778,0.0,1.0,0.0,0.0,0.0,0.3681,0.3403,0.0,0.0,0.0,0.0,0.0,0.0,0.0,0.0,346.0486,1.0,346.05
main,squad,armor3,Kurchin,144,144,1.0,4.5972,0.7778,0.0,1.7708,4.7083,8.9792,0.0,0.0,7.1944,7.1458,7.1458,1.1319,1.1319,0.0,0.7778,0.0,0.2222,0.0,0.0,0.7917,0.0,0.0,0.0,0.0,0.0,0.0,0.0,0.0,417.125,0.9792,426.0
main,squad,armor3,Lemek,144,144,1.0,8.5625,0.1389,0.0,2.8681,4.875,7.0,0.0,0.0,4.5,4.5,4.5,1.8125,1.8125,0.0,0.9097,0.0,0.0903,0.0,0.0,0.1806,0.0,0.0,0.0,0.0,0.0,0.0,0.0,0.0,277.5347,1.0,277.53
main,squad,armor3,Muno,144,144,1.0,8.5139,0.1667,0.0,3.9097,5.0417,4.0,0.0,0.0,4.6181,4.6181,3.5486,1.5278,1.5278,0.0,0.9722,0.0,0.0278,0.0,0.0,0.0972,0.0,0.0,0.0,0.0,0.0,0.0,0.0,0.0,225.5972,1.0,225.6
main,squad,armor3,Sinodek,144,144,1.0,3.4444,0.2083,0.0,0.8264,4.5139,5.6806,0.0,0.0,4.5,4.4792,4.4792,0.8403,0.8403,0.0,0.7986,0.0139,0.1528,0.0347,0.0,0.5139,0.0,0.0,1.3681,0.3264,0.2361,0.0,0.0,0.0,441.4722,0.8194,538.75
main,squad,armor3,Sooge,144,144,1.0,8.8333,0.8611,0.6944,3.5,3.8333,5.8819,0.0,0.0,8.8611,8.0486,1.5208,0.8264,0.8264,0.0,0.7222,0.0,0.0,0.2778,0.0,0.2222,0.0,0.0,0.0,0.0,0.0,0.0,0.0,0.0,272.4583,1.0,272.46
main,squad,armor3,Tumler,144,144,1.0,1.3819,0.0556,0.0,1.0625,5.0,4.0,0.0,4.3958,1.25,1.25,1.25,0.0208,0.0208,0.0,1.0,0.0,0.0,0.0,0.0,0.0,0.0,0.0,0.0,0.0,0.0,0.0,0.0,0.9236,261.8333,0.9444,277.24
main,squad,armor3,Varn,144,144,3.9583,10.7083,0.6389,0.0,3.8125,6.4653,10.6944,0.0,0.0,15.5347,15.1597,15.0903,1.8264,1.8264,0.0,3.0694,0.0,0.8889,0.0,0.0,0.3194,0.0,0.8472,0.0,0.0,0.0,0.0,0.0,0.0,1141.0833,3.9444,289.29
main,squad,current,Butcher,144,144,1.0,4.2639,0.0,0.0,0.7917,5.0,1.0,0.0,0.0,1.9375,1.9167,1.9167,0.8333,0.8333,0.0,1.0,0.0,0.0,0.0,0.0,0.0,0.0,0.0,0.0,0.0,0.0,0.0,0.0,0.0,271.3333,0.9792,277.11
main,squad,current,Dotra,144,144,1.0,5.625,0.0208,0.0,1.7847,4.9028,2.0,0.0,0.0,3.2292,3.2292,2.6806,1.0069,1.0069,0.0,0.9653,0.0,0.0347,0.0,0.0,0.0694,0.0,0.0,0.0,0.0,0.0,0.0,0.0,0.0,314.4167,1.0,314.42
main,squad,current,Fyra,144,144,1.0,2.3819,0.0,0.0,1.3403,5.0972,1.0,0.0,0.0,1.8889,1.8889,1.8889,0.0903,0.0903,0.0,0.9931,0.0,0.0069,0.0,0.0,0.1042,0.2847,0.0,0.0,0.0,0.0,0.0,0.0,0.0,182.0486,1.0,182.05
main,squad,current,Kopita,144,144,1.0,3.0347,0.0,0.0,0.8958,5.2292,1.0,0.0,0.0,2.2083,2.2083,2.2083,0.8889,0.8889,0.0,1.0,0.0,0.0,0.0,0.1319,0.1389,0.0,0.0,0.0,0.0,0.0,0.0,0.0,0.0,328.7986,0.9583,343.09
main,squad,current,Kurchin,144,144,1.0,3.6389,0.4444,0.0,1.5,5.1389,6.0,0.0,0.0,5.6319,5.5833,5.5833,0.8958,0.8958,0.0,0.8889,0.0,0.1111,0.0,0.0,0.625,0.0,0.0,0.0,0.0,0.0,0.0,0.0,0.0,408.5694,0.9653,423.27
main,squad,current,Lemek,144,144,1.0,5.9375,0.0208,0.0,1.7917,4.9931,4.0,0.0,0.0,2.9861,2.9861,2.9861,1.2569,1.2569,0.0,0.9931,0.0,0.0069,0.0,0.0,0.0208,0.0,0.0,0.0,0.0,0.0,0.0,0.0,0.0,277.5347,1.0,277.53
main,squad,current,Muno,144,144,1.0,5.6111,0.0,0.0,2.5833,5.0,1.0,0.0,0.0,2.9514,2.9514,1.9514,0.9444,0.9444,0.0,1.0,0.0,0.0,0.0,0.0,0.0,0.0,0.0,0.0,0.0,0.0,0.0,0.0,0.0,225.5972,1.0,225.6
main,squad,current,Penitent,144,144,1.0,3.4861,0.0278,0.0,1.0139,5.4653,3.0,1.75,0.0,4.5833,4.5278,4.5278,0.6806,0.6806,0.0,0.9931,0.0,0.0069,0.0,0.0,0.5,0.0,0.0,0.0,0.0,0.0,0.0,0.0,0.0,332.6111,1.0,332.61
main,squad,current,Sinodek,144,144,1.0,2.6458,0.0764,0.0,0.5764,4.7847,2.8542,0.0,0.0,3.3194,3.2986,3.2986,0.5972,0.5972,0.0,0.875,0.0069,0.0903,0.0278,0.0,0.4097,0.0,0.0,1.2014,0.3056,0.2222,0.0,0.0,0.0,427.1111,0.7986,534.82
main,squad,current,Sooge,144,144,1.0,7.9931,0.8542,0.6944,3.2986,3.8403,3.2431,0.0,0.0,8.1389,7.3681,1.0347,0.7153,0.7153,0.0,0.7292,0.0,0.0,0.2708,0.0,0.1944,0.0,0.0,0.0,0.0,0.0,0.0,0.0,0.0,268.0069,0.9931,269.88
main,squad,current,Tumler,144,144,1.0,0.75,0.0556,0.0,0.7917,5.0069,1.0,0.0,4.1944,0.7986,0.7986,0.7986,0.0069,0.0069,0.0,1.0,0.0,0.0,0.0,0.0,0.0069,0.0,0.0,0.0,0.0,0.0,0.0,0.0,0.8681,195.8958,0.7153,273.87
main,squad,current,Varn,144,144,3.9583,4.2778,0.0,0.0,1.5556,7.9306,0.0,0.0,0.0,5.8958,5.8333,5.8194,0.5833,0.5833,0.0,3.9514,0.0,0.0069,0.0,0.0,0.0278,0.0,0.3611,0.0,0.0,0.0,0.0,0.0,0.0,998.1597,3.5417,281.83
main,squad,current,Vulture,144,144,1.0,6.8333,0.8611,0.0,2.7361,4.3125,0.9514,0.0,0.0,12.5347,10.4306,1.6875,1.1111,1.1111,0.0,0.6319,0.0,0.3681,0.0,0.0,0.9375,0.0,0.0,0.0,0.0,0.0,0.0,0.0,0.0,266.6319,1.0,266.63
main,squad,current,Wright,144,144,1.0,3.0694,0.1528,0.0,1.2639,4.9236,2.0,0.0,0.0,4.5347,4.4861,4.4861,0.5903,0.5903,0.0,0.9375,0.0,0.0625,0.0,0.0,0.1528,0.0,0.0,0.0,0.0,0.0,1.0,0.0,0.0,450.9931,0.9861,457.35
hunt,hunt,armor3,Tumler,384,384,1.0,2.487,0.0,0.0,0.8802,3.6849,3.9219,0.0,5.0391,1.7005,1.7005,1.7005,0.388,0.388,0.0,0.6667,0.0,0.3333,0.0,0.0,0.3516,0.0,0.0,0.0,0.0,0.0,0.0,0.0,0.3516,59.2448,0.7057,83.95
hunt,hunt,current,Tumler,384,384,1.0,1.9948,0.0,0.0,0.7604,4.4974,1.0,0.0,3.8906,1.3854,1.3854,1.3854,0.3672,0.3672,0.0,0.6667,0.0,0.3333,0.0,0.0,0.4844,0.0,0.0,0.0,0.0,0.0,0.0,0.0,0.3359,52.9818,0.6615,80.1
hunt,hunt,direct_hunt,Tumler,384,384,1.0,2.2214,0.0,0.0,1.2682,4.3464,1.0,0.0,2.2474,1.7448,1.7448,1.7448,0.3359,0.3359,0.0,0.6667,0.0,0.3333,0.0,0.0,0.3333,0.0,0.0,0.0,0.0,0.0,0.0,0.0,0.6615,43.651,1.0,43.65
hunt,hunt,direct_hunt_armor3,Tumler,384,384,1.0,3.224,0.0,0.0,1.4427,3.4219,3.9219,0.0,2.4375,2.3516,2.3516,2.3516,0.3828,0.3828,0.0,0.6641,0.0,0.3359,0.0,0.0,0.0938,0.0,0.0,0.0,0.0,0.0,0.0,0.0,0.75,43.651,1.0,43.65
tumler,duel,direct_hunt,Tumler,192,192,1.0,4.5,1.5,0.0,2.25,3.5104,1.0,0.0,0.2396,4.25,4.25,4.25,0.75,0.75,0.0,0.25,0.0,0.75,0.0,0.0,0.6927,0.0,0.0,0.0,0.0,0.0,0.0,0.0,0.0,242.276,1.0,242.28
tumler,duel,direct_hunt_armor3,Tumler,192,192,1.0,5.0,1.5,0.0,2.25,1.3177,3.9427,0.0,0.2396,4.5,4.5,4.5,1.0,1.0,0.0,0.25,0.0,0.75,0.0,0.0,0.0469,0.0,0.0,0.0,0.0,0.0,0.0,0.0,0.0,242.276,1.0,242.28
tumler,mixed,direct_hunt,Butcher,96,192,1.0,5.0885,0.2292,0.0,1.1771,5.0417,0.9896,0.0,0.0,2.6771,2.599,2.599,1.2292,0.625,0.6042,0.9688,0.0104,0.0208,0.0,0.0,0.1771,0.0,0.0,0.0,0.0,0.0,0.0,0.0,0.0,275.1458,0.9896,278.04
tumler,mixed,direct_hunt,Dotra,38,38,1.0,6.6842,1.0263,0.0,2.4211,4.0789,1.7895,0.0,0.0,4.9737,4.8947,4.4474,1.2105,0.8947,0.3158,0.6842,0.0,0.3158,0.0,0.0,0.5263,0.0,0.0,0.0,0.0,0.0,0.0,0.0,0.0,311.3158,0.9737,319.73
tumler,mixed,direct_hunt,Fyra,38,38,1.0,3.3158,0.0,0.0,2.5526,5.1053,1.0,0.0,0.0,3.1053,2.9474,2.9474,0.4211,0.0526,0.3684,1.0,0.0,0.0,0.0,0.0,0.1053,0.4474,0.0,0.0,0.0,0.0,0.0,0.0,0.0,194.5,1.0,194.5
tumler,mixed,direct_hunt,Kopita,38,38,1.0,3.3158,0.5,0.0,1.0789,5.5263,1.0,0.0,0.0,2.7105,2.6842,2.5789,0.7105,0.5263,0.1842,0.8684,0.0,0.1316,0.0,1.0263,0.6053,0.0,0.0,0.0,0.0,0.0,0.0,0.0,0.0,437.5,0.9211,475.0
tumler,mixed,direct_hunt,Kurchin,40,40,1.0,3.45,0.225,0.0,0.775,5.025,6.0,0.0,0.0,4.475,4.45,4.45,0.825,0.525,0.3,0.85,0.0,0.15,0.0,0.0,0.7,0.0,0.0,0.0,0.0,0.0,0.0,0.0,0.0,451.175,0.975,462.74
tumler,mixed,direct_hunt,Lemek,40,40,1.0,8.1,0.375,0.0,3.775,4.975,4.0,0.0,0.0,4.775,4.7,4.7,1.65,1.2,0.45,0.9,0.0,0.1,0.0,0.0,0.25,0.0,0.0,0.0,0.0,0.0,0.0,0.0,0.0,262.925,1.0,262.93
tumler,mixed,direct_hunt,Muno,38,38,1.0,7.5263,0.0,0.0,1.1316,5.0789,1.0,0.0,0.0,4.1053,3.6842,2.6053,2.2632,0.2632,2.0,1.0,0.0,0.0,0.0,0.0,0.0789,0.0,0.0,0.0,0.0,0.0,0.0,0.0,0.0,213.0,1.0,213.0
tumler,mixed,direct_hunt,Penitent,96,192,1.0,3.2708,0.1562,0.0,1.1354,4.6615,2.7135,1.2969,0.0,4.5781,4.5625,4.5625,0.6562,0.3906,0.2656,0.8438,0.0417,0.1146,0.0,0.0,0.3802,0.0,0.0,0.0,0.0,0.0,0.0,0.0,0.0,349.151,0.9062,385.27
tumler,mixed,direct_hunt,Sinodek,38,38,1.0,3.0,0.6053,0.0,0.5,3.8421,2.5526,0.0,0.0,4.1316,4.1053,4.1053,0.6842,0.6316,0.0526,0.6316,0.0263,0.3421,0.0,0.0,0.6316,0.0,0.0,1.0,0.1053,0.2632,0.0,0.0,0.0,541.9211,0.8947,605.68
tumler,mixed,direct_hunt,Sooge,38,38,1.0,7.9474,3.2368,1.5,4.9211,2.0,1.6316,0.0,0.0,10.0526,9.5526,0.6579,0.9737,0.6579,0.3158,0.3947,0.0,0.0,0.6053,0.0,0.0263,0.0,0.0,0.0,0.0,0.0,0.0,0.0,0.0,259.0,0.9737,266.0
tumler,mixed,direct_hunt,Tumler,38,38,1.0,2.2105,0.0526,0.0,0.9737,5.2895,1.0,0.0,2.5263,1.6579,1.6579,1.6579,0.1842,0.0263,0.1579,1.0,0.0,0.0,0.0,0.0,0.2895,0.0,0.0,0.0,0.0,0.0,0.0,0.0,1.0,208.0789,0.9211,225.91
tumler,mixed,direct_hunt,Varn,38,38,4.1842,3.6053,0.0263,0.0,1.5,8.6053,0.0,0.0,0.0,5.1579,5.1316,5.1316,0.6053,0.3947,0.2105,4.1842,0.0,0.0,0.0,0.0,0.2368,0.0,0.2895,0.0,0.0,0.0,0.0,0.0,0.0,1040.6316,3.5263,295.1
tumler,mixed,direct_hunt,Vulture,96,192,1.0,5.7656,1.026,0.0,3.901,3.3542,0.7188,0.0,0.0,11.8021,10.6927,0.8125,0.9323,0.5312,0.401,0.526,0.0104,0.4635,0.0,0.0,0.6146,0.0,0.0,0.0,0.0,0.0,0.0,0.0,0.0,275.2083,0.9896,278.11
tumler,mixed,direct_hunt,Wright,96,192,1.0,2.8698,0.5417,0.0,0.7865,4.1354,1.6979,0.0,0.0,4.2083,4.1979,4.1979,0.6458,0.5,0.1458,0.7604,0.0052,0.2344,0.0,0.0,0.2344,0.0,0.0,0.0,0.0,0.0,0.9948,0.0,0.0,455.5729,0.8854,514.53
tumler,mixed,direct_hunt_armor3,Butcher,96,192,1.0,5.1771,0.3073,0.0,2.9323,4.9271,0.9896,0.0,0.0,3.3802,3.1823,3.1823,1.1146,0.6146,0.5,0.9115,0.0104,0.0781,0.0,0.0,0.276,0.0,0.0,0.0,0.0,0.0,0.0,0.0,0.0,273.7969,0.9844,278.14
tumler,mixed,direct_hunt_armor3,Dotra,38,38,1.0,7.7105,1.3421,0.0,4.6053,3.5789,4.4474,0.0,0.0,6.7632,6.6842,6.2632,1.3158,1.0,0.3158,0.5789,0.0,0.4211,0.0,0.0,0.5263,0.0,0.0,0.0,0.0,0.0,0.0,0.0,0.0,281.6579,0.9474,297.31
tumler,mixed,direct_hunt_armor3,Fyra,38,38,1.0,3.4737,0.0,0.0,4.8158,5.3684,4.0,0.0,0.0,4.3947,4.2368,4.2368,0.4211,0.1842,0.2368,1.0,0.0,0.0,0.0,0.0,0.3684,0.7105,0.0,0.0,0.0,0.0,0.0,0.0,0.0,194.5,1.0,194.5
tumler,mixed,direct_hunt_armor3,Kopita,38,38,1.0,4.4211,0.8158,0.0,2.3684,4.3421,3.5789,0.0,0.0,4.2368,4.2368,4.0263,1.2368,0.5789,0.6579,0.7632,0.0,0.2368,0.0,0.7368,0.3421,0.0,0.0,0.0,0.0,0.0,0.0,0.0,0.0,438.9737,0.9737,450.84
tumler,mixed,direct_hunt_armor3,Kurchin,40,40,1.0,3.925,0.1,0.0,1.05,5.0,8.775,0.0,0.0,5.125,5.075,5.075,0.925,0.6,0.325,0.925,0.0,0.075,0.0,0.0,0.325,0.0,0.0,0.0,0.0,0.0,0.0,0.0,0.0,409.475,0.975,419.97
tumler,mixed,direct_hunt_armor3,Lemek,40,40,1.0,10.225,0.725,0.0,6.8,5.025,6.925,0.0,0.0,6.95,6.675,6.675,1.925,1.275,0.65,0.825,0.0,0.175,0.0,0.0,0.575,0.0,0.0,0.0,0.0,0.0,0.0,0.0,0.0,258.975,1.0,258.98
tumler,mixed,direct_hunt_armor3,Muno,38,38,1.0,5.9737,0.0,0.0,6.5263,5.0,4.0,0.0,0.0,5.2105,4.7895,3.7105,1.7368,0.2632,1.4737,1.0,0.0,0.0,0.0,0.0,0.0,0.0,0.0,0.0,0.0,0.0,0.0,0.0,0.0,213.0,1.0,213.0
tumler,mixed,direct_hunt_armor3,Penitent,96,192,1.0,2.224,0.2292,0.0,1.0781,4.0573,2.4531,0.8281,0.0,3.5573,3.5312,3.5312,0.3906,0.2188,0.1719,0.75,0.0365,0.2135,0.0,0.0,0.3021,0.0,0.0,0.0,0.0,0.0,0.0,0.0,0.0,324.8229,0.8333,389.79
tumler,mixed,direct_hunt_armor3,Sinodek,38,38,1.0,2.7895,0.5,0.0,1.1579,3.8421,5.0789,0.0,0.0,4.4737,4.4474,4.4474,0.7368,0.4211,0.3158,0.7105,0.0,0.2632,0.0263,0.0,0.2895,0.0,0.0,0.9737,0.0526,0.2632,0.0,0.0,0.0,511.8947,0.9211,555.77
tumler,mixed,direct_hunt_armor3,Sooge,38,38,1.0,6.8947,2.8158,0.9474,7.0789,2.0,2.9211,0.0,0.0,10.6316,10.2368,1.0526,0.7895,0.5,0.2895,0.3947,0.0,0.0,0.6053,0.0,0.0263,0.0,0.0,0.0,0.0,0.0,0.0,0.0,0.0,270.2632,1.0,270.26
tumler,mixed,direct_hunt_armor3,Tumler,38,38,1.0,2.0,0.0526,0.0,3.1316,5.2105,4.0,0.0,3.0526,2.6579,2.6579,2.6579,0.2368,0.0789,0.1579,1.0,0.0,0.0,0.0,0.0,0.2105,0.0,0.0,0.0,0.0,0.0,0.0,0.0,1.1316,213.9474,0.9474,225.83
tumler,mixed,direct_hunt_armor3,Varn,38,38,4.1842,9.3947,0.6579,0.0,5.2632,7.7105,12.0,0.0,0.0,15.4474,15.3158,15.3158,1.8421,1.3158,0.5263,3.7105,0.0,0.4737,0.0,0.0,0.2895,0.0,0.6316,0.0,0.0,0.0,0.0,0.0,0.0,1214.6316,4.1053,295.87
tumler,mixed,direct_hunt_armor3,Vulture,96,192,1.0,4.3698,0.849,0.0,4.0156,3.2448,0.6719,0.0,0.0,9.9583,9.2344,0.875,0.8958,0.4896,0.4062,0.526,0.0104,0.4635,0.0,0.0,0.4896,0.0,0.0,0.0,0.0,0.0,0.0,0.0,0.0,274.9062,0.9896,277.8
tumler,mixed,direct_hunt_armor3,Wright,96,192,1.0,1.9531,0.3698,0.0,0.7969,3.6146,1.4792,0.0,0.0,3.125,3.1198,3.1198,0.3854,0.276,0.1094,0.6615,0.0052,0.3333,0.0,0.0,0.224,0.0,0.0,0.0,0.0,0.0,0.9896,0.0,0.0,379.0938,0.7552,501.97
tumler,squad,direct_hunt,Tumler,144,144,1.0,0.9167,0.0,0.0,0.9444,5.0208,1.0,0.0,3.8333,0.9306,0.9306,0.9306,0.0,0.0,0.0,1.0,0.0,0.0,0.0,0.0,0.0208,0.0,0.0,0.0,0.0,0.0,0.0,0.0,0.9306,210.9097,0.9167,230.08
tumler,squad,direct_hunt_armor3,Tumler,144,144,1.0,1.9097,0.0,0.0,1.0486,5.0,4.0,0.0,3.8333,1.4792,1.4792,1.4792,0.0,0.0,0.0,1.0,0.0,0.0,0.0,0.0,0.0,0.0,0.0,0.0,0.0,0.0,0.0,0.0,0.9306,230.3681,1.0,230.37
small-buffs,squad,armor1,Dotra,144,144,1.0,6.2847,0.0833,0.0,2.0556,4.8333,2.9931,0.0,0.0,3.7778,3.7778,3.2292,1.1319,1.1319,0.0,0.9375,0.0,0.0625,0.0,0.0,0.0903,0.0,0.0,0.0,0.0,0.0,0.0,0.0,0.0,314.4167,1.0,314.42
small-buffs,squad,armor1,Fyra,144,144,1.0,2.9375,0.0,0.0,1.3472,5.125,2.0,0.0,0.0,2.1736,2.1736,2.1736,0.1319,0.1319,0.0,0.9931,0.0,0.0069,0.0,0.0,0.1389,0.3264,0.0,0.0,0.0,0.0,0.0,0.0,0.0,182.0486,1.0,182.05
small-buffs,squad,armor1,Kopita,144,144,1.0,3.5833,0.0,0.0,1.0556,5.2986,2.0,0.0,0.0,2.6042,2.6042,2.6042,0.9861,0.9861,0.0,1.0,0.0,0.0,0.0,0.1806,0.1597,0.0,0.0,0.0,0.0,0.0,0.0,0.0,0.0,342.625,0.9931,345.02
small-buffs,squad,armor1,Tumler,144,144,1.0,1.3125,0.0,0.0,1.0208,5.0,2.0,0.0,3.8333,1.1667,1.1667,1.1667,0.0,0.0,0.0,1.0,0.0,0.0,0.0,0.0,0.0,0.0,0.0,0.0,0.0,0.0,0.0,0.0,0.9306,227.2292,0.9861,230.43
small-buffs,squad,armor1,Varn,144,144,3.9583,5.5208,0.0764,0.0,2.0694,7.8611,3.9444,0.0,0.0,7.7639,7.6667,7.625,0.8125,0.8125,0.0,3.9097,0.0,0.0486,0.0,0.0,0.0417,0.0,0.4722,0.0,0.0,0.0,0.0,0.0,0.0,1072.4306,3.7847,283.36
small-buffs,squad,armor2,Dotra,144,144,1.0,6.9861,0.1389,0.0,2.2778,4.7708,3.9722,0.0,0.0,4.3056,4.3056,3.7569,1.2639,1.2639,0.0,0.9097,0.0,0.0903,0.0,0.0,0.1458,0.0,0.0,0.0,0.0,0.0,0.0,0.0,0.0,314.4167,1.0,314.42
small-buffs,squad,armor2,Fyra,144,144,1.0,3.8542,0.0,0.0,1.5,5.2222,3.0,0.0,0.0,2.7153,2.7153,2.7153,0.3472,0.3472,0.0,0.9931,0.0,0.0069,0.0,0.0,0.2431,0.3611,0.0,0.0,0.0,0.0,0.0,0.0,0.0,182.0486,1.0,182.05
small-buffs,squad,armor2,Kopita,144,144,1.0,4.6528,0.0,0.0,1.25,5.4861,3.0,0.0,0.0,3.2778,3.2778,3.2778,1.1528,1.1528,0.0,1.0,0.0,0.0,0.0,0.2778,0.2569,0.0,0.0,0.0,0.0,0.0,0.0,0.0,0.0,342.625,0.9931,345.02
small-buffs,squad,armor2,Tumler,144,144,1.0,1.6389,0.0,0.0,1.0417,5.0,3.0,0.0,3.8333,1.3403,1.3403,1.3403,0.0,0.0,0.0,1.0,0.0,0.0,0.0,0.0,0.0,0.0,0.0,0.0,0.0,0.0,0.0,0.0,0.9306,230.3681,1.0,230.37
small-buffs,squad,armor2,Varn,144,144,3.9583,8.2014,0.3333,0.0,3.0278,7.3472,7.6528,0.0,0.0,11.7431,11.5625,11.5417,1.4861,1.4861,0.0,3.5764,0.0,0.3819,0.0,0.0,0.1944,0.0,0.5625,0.0,0.0,0.0,0.0,0.0,0.0,1121.2083,3.9167,286.27
commit,duel,committed_hunt,Tumler,192,192,1.0,4.5,1.5,0.0,2.25,3.5104,1.0,0.0,0.2396,4.25,4.25,4.25,0.75,0.75,0.0,0.25,0.0,0.75,0.0,0.0,0.6927,0.0,0.0,0.0,0.0,0.0,0.0,0.0,0.0,242.276,1.0,242.28
commit,duel,committed_hunt_armor3,Tumler,192,192,1.0,5.0,1.5,0.0,2.25,1.3177,3.9427,0.0,0.2396,4.5,4.5,4.5,1.0,1.0,0.0,0.25,0.0,0.75,0.0,0.0,0.0469,0.0,0.0,0.0,0.0,0.0,0.0,0.0,0.0,242.276,1.0,242.28
commit,hunt,committed_hunt,Tumler,144,144,1.0,2.2986,0.0,0.0,1.2292,4.4097,1.0,0.0,2.5764,1.7639,1.7639,1.7639,0.3403,0.3403,0.0,0.6667,0.0,0.3333,0.0,0.0,0.3333,0.0,0.0,0.0,0.0,0.0,0.0,0.0,0.6597,48.0972,1.0,48.1
commit,hunt,committed_hunt_armor3,Tumler,144,144,1.0,3.3542,0.0,0.0,1.5,3.4583,3.9375,0.0,2.8125,2.4931,2.4931,2.4931,0.5208,0.5208,0.0,0.6597,0.0,0.3403,0.0,0.0,0.1458,0.0,0.0,0.0,0.0,0.0,0.0,0.0,0.7431,48.0972,1.0,48.1
commit,squad,committed_hunt,Tumler,144,144,1.0,0.8819,0.0556,0.0,0.9931,5.0069,1.0,0.0,3.9097,0.9653,0.9653,0.9653,0.0,0.0,0.0,1.0,0.0,0.0,0.0,0.0,0.0069,0.0,0.0,0.0,0.0,0.0,0.0,0.0,0.9097,212.4722,0.8958,237.18
commit,squad,committed_hunt_armor3,Tumler,144,144,1.0,1.7153,0.0833,0.0,1.1319,5.0,4.0,0.0,3.9097,1.4653,1.4653,1.4653,0.0,0.0,0.0,1.0,0.0,0.0,0.0,0.0,0.0,0.0,0.0,0.0,0.0,0.0,0.0,0.0,0.9097,237.4722,1.0,237.47
